from_address,to_address,hash,value,input,transaction_index,gas,gas_used,gas_price,transaction_fee,block_number,block_hash,block_timestamp
0x8d08aad4b2bac2bb761ac4781cf62468c9ec47b4,0xb0606f433496bf66338b8ad6b6d51fc4d84a44cd,0xf3a14bfddc65725b4a345e0bafa84afd328de1b9487339157a0f24c9085b66f2,3.14045E+19,0x,78,21000,21000,11119629262,2.33512E+14,15881178,0x1fa4a14c221824759e748d37a91988d6a50bdce5d47bc729b6b3de3dbc6d8fa0,1667378123
0x58f56615180a8eea4c462235d9e215f72484b4a3,0x8d08aad4b2bac2bb761ac4781cf62468c9ec47b4,0xa43beda2d8739c679012b26b8b5f66dc4b7196eb31e39d6f7cdbede134e19720,2E+19,0x,96,21000,21000,11283747363,2.36959E+14,15878986,0xf55b40b8c6194a6b1fe2057c356b8643de09de78cb85768b1d56272b7976dfa2,1667351687
0x8d08aad4b2bac2bb761ac4781cf62468c9ec47b4,0xb0606f433496bf66338b8ad6b6d51fc4d84a44cd,0xdd608c8c4e8d8529967955d89f9e71842e80c3c84d592c72054f68090a5a102c,9.08019E+21,0x,56,21000,21000,12241050449,2.57062E+14,15878752,0x4e493318e8b64c5e522076df769ad9f47433885ff3ecb40df7c96cc7d9718149,1667348843
0x58f56615180a8eea4c462235d9e215f72484b4a3,0x8d08aad4b2bac2bb761ac4781cf62468c9ec47b4,0xe0d5d4798d4d4468c4a4df1c455b59c8dbe93195f75f988ae4e230743e15d2b6,6.5E+17,0x,76,21000,21000,11308915969,2.37487E+14,15878703,0x5745a67be26a37f68d7d7054c0c28d23591fd03e1012a1b0c77b9747b2926a36,1667348243
0x58f56615180a8eea4c462235d9e215f72484b4a3,0x8d08aad4b2bac2bb761ac4781cf62468c9ec47b4,0xa1822e68a736bcdb57d05b2679260904813efdd17df62ede1d716dec9eeb4e8c,6.947E+21,0x,103,21000,21000,8459936485,1.77659E+14,15878603,0xf13711881ead7d2e340a0d92f4da25ddd0c07b68cde57056733dc58946e97de4,1667347031
0xb0606f433496bf66338b8ad6b6d51fc4d84a44cd,0x3089df0e2349faea1c8ec4a08593c137da10fe2d,0x26d1a9459d4d27f28f49798ba6a6c7c7d1e2c1267d1a525fee558aaa05767049,7.50138E+21,0x,107,21000,21000,23123906358,4.85602E+14,15920055,0x57212c4a876bd3a50b108693e9f9a53bc393c8fcef110980d6cb45d491aa2b21,1667847119
0xb0606f433496bf66338b8ad6b6d51fc4d84a44cd,0xd90e2f925da726b50c4ed8d0fb90ad053324f31b,0xb17f5561abb19f6cd3ccf67f010ba79fe5e608e4455de126ebb00a84a65b65eb,1E+20,0x13d98d13000000000000000000000000a160cdab225685da1d56aa342ad8841c3b53f29107fbbafea9d5f501775a66b6322b85e9689027db1c538a8e85f56a5b8eb0d03b00000000000000000000000000000000000000000000000000000000000000600000000000000000000000000000000000000000000000000000000000000000,14,986622,924652,14713584378,1.36049E+16,15902846,0x7835d536fdb51a61806d5fa825d0c9a2e37a07b40514d23a5549b5589bc4d571,1667639603
0xb0606f433496bf66338b8ad6b6d51fc4d84a44cd,0xd90e2f925da726b50c4ed8d0fb90ad053324f31b,0x547d378c90e5d09a9aac3c5d214f90ab86a2329ccf28bbc55218253934f488b7,1E+20,0x13d98d13000000000000000000000000a160cdab225685da1d56aa342ad8841c3b53f29113d620bdb3304eaebf5e4c801667a28acae57a0ec145025b66c55573845431d500000000000000000000000000000000000000000000000000000000000000600000000000000000000000000000000000000000000000000000000000000000,16,986622,924652,14713584378,1.36049E+16,15902844,0x2a2de5044492b1fe39dc22ff5713e75f117026223534f714e5d8098158389e5c,1667639579
0xb0606f433496bf66338b8ad6b6d51fc4d84a44cd,0xd90e2f925da726b50c4ed8d0fb90ad053324f31b,0x938f7daf7d84dfa3692085d8854775f8d94af7b60b33f57d81ca42afe76932eb,1E+20,0x13d98d13000000000000000000000000a160cdab225685da1d56aa342ad8841c3b53f2910bca5cef2f56be9df8186f2d97c09ebcec32fa8a063aee0beb7d18d0060e3c6900000000000000000000000000000000000000000000000000000000000000600000000000000000000000000000000000000000000000000000000000000000,9,991913,929860,14579025939,1.35565E+16,15902827,0x3be40dd279cdcfac7d79ecb19d21fbf0e586391afc85b56aed83fadf6758771c,1667639363
0xb0606f433496bf66338b8ad6b6d51fc4d84a44cd,0xd90e2f925da726b50c4ed8d0fb90ad053324f31b,0xa966ce8e11cc9af2172f195edcd654776971f76b4aba2c9a5b7aebe3e3e301b9,1E+20,0x13d98d13000000000000000000000000a160cdab225685da1d56aa342ad8841c3b53f2912d2f55bba73ba5922c0660cd70fb5904de4997fd76267e83e857b3eabefb552000000000000000000000000000000000000000000000000000000000000000600000000000000000000000000000000000000000000000000000000000000000,15,976041,914236,13402151648,1.22527E+16,15902751,0x215cc79affb5ef119e4c3d1fee918925bd54a0b8219bdf3fed9d9894573e519f,1667638439
0xb0606f433496bf66338b8ad6b6d51fc4d84a44cd,0xd90e2f925da726b50c4ed8d0fb90ad053324f31b,0x7f42d815961496c515c76a57a64096a20671800edbf18e5ed3d6119663a1d623,1E+20,0x13d98d13000000000000000000000000a160cdab225685da1d56aa342ad8841c3b53f2911e417f5bd6d67150e0166aa6a199718b9387c9c8b461c3c0db288d93eb3be56c00000000000000000000000000000000000000000000000000000000000000600000000000000000000000000000000000000000000000000000000000000000,7,981332,919444,13574471497,1.2481E+16,15902748,0xb4451d23a7433d889aa1f3be97bf4b316add3ba8edeb1df27a187b260ea3aa64,1667638403
0xb0606f433496bf66338b8ad6b6d51fc4d84a44cd,0xd90e2f925da726b50c4ed8d0fb90ad053324f31b,0x2025f5cfcb670f76ba61e40c96077aaa903f1d96232790c0666d795e99562eaa,1E+20,0x13d98d13000000000000000000000000a160cdab225685da1d56aa342ad8841c3b53f29112b4eb1d9394be15b4f0f79db1855723dfc0175f23ddc24cadd2f66650db309100000000000000000000000000000000000000000000000000000000000000600000000000000000000000000000000000000000000000000000000000000000,8,981332,919444,13134950892,1.20769E+16,15902603,0x7b3fc4f2d797351cdd33702e30e80582f33525aef6049627f170055d46322080,1667636651
0xb0606f433496bf66338b8ad6b6d51fc4d84a44cd,0xd90e2f925da726b50c4ed8d0fb90ad053324f31b,0x1265c976235a8f40940999dd3da221415328874aeb2009b77a454cfb69ac22b2,1E+20,0x13d98d13000000000000000000000000a160cdab225685da1d56aa342ad8841c3b53f291049e2bdd262e867e0b14d9f50c2f1e5daa4a6725e59f8b8b30e8c332fe9feee800000000000000000000000000000000000000000000000000000000000000600000000000000000000000000000000000000000000000000000000000000000,48,986622,924652,13222634040,1.22263E+16,15902598,0x1885dd2a3d27ddf43636821cd6bad0cf2b91e372771728e3300897d82ebc6967,1667636591
0xb0606f433496bf66338b8ad6b6d51fc4d84a44cd,0xd90e2f925da726b50c4ed8d0fb90ad053324f31b,0x2335af2dc593a8e21c2336cc00c24ae0b7507eb5eaea618343a4e1fefa93008c,1E+20,0x13d98d13000000000000000000000000a160cdab225685da1d56aa342ad8841c3b53f2912cc7acb4127d724923b8ffcf421b3ca509c7df324a043518eea0ffe79520729500000000000000000000000000000000000000000000000000000000000000600000000000000000000000000000000000000000000000000000000000000000,40,981332,919444,13284028817,1.22139E+16,15902597,0xe21a4a37028e242b9572f2a9d531c0dc3a91926e8d519a2c74d39658fc6323b6,1667636579
0xb0606f433496bf66338b8ad6b6d51fc4d84a44cd,0xd90e2f925da726b50c4ed8d0fb90ad053324f31b,0x90caceb5682c7ad37b35a1b2b1011e68d7434ffb280ec2ef8476ebc853b5749f,1E+20,0x13d98d13000000000000000000000000a160cdab225685da1d56aa342ad8841c3b53f2910e54f5d2485b4b6d0ce3948667b58fec948c7e1ef428d622f34d30822dadfd2200000000000000000000000000000000000000000000000000000000000000600000000000000000000000000000000000000000000000000000000000000000,16,986622,924652,13843798858,1.28007E+16,15902591,0x39f34a52946a3d2d9a2a7cbe2beee40ce6bc306e8a168ed9898281edf441b499,1667636507
0xb0606f433496bf66338b8ad6b6d51fc4d84a44cd,0xd90e2f925da726b50c4ed8d0fb90ad053324f31b,0xb85aa84eb55c9f01ac1debfd13c1352d47ad238933ef54c4b0dcbddcd22a4053,1E+20,0x13d98d13000000000000000000000000a160cdab225685da1d56aa342ad8841c3b53f2911758815de3c37e404067da7f2af44788e5eb3e54f105e00e5f42b142e44b794b00000000000000000000000000000000000000000000000000000000000000600000000000000000000000000000000000000000000000000000000000000000,118,986622,924652,13143226743,1.21529E+16,15902582,0x753d59d5c714cc88dd9d0ebf3e972b0b4faf70a962c598714de4cc03cffd9b43,1667636399
0xb0606f433496bf66338b8ad6b6d51fc4d84a44cd,0xd90e2f925da726b50c4ed8d0fb90ad053324f31b,0x3022677a145b0e0d871779a87d4d696ef31b06ef80ab3083d6871ca0a46ce9da,1E+20,0x13d98d13000000000000000000000000a160cdab225685da1d56aa342ad8841c3b53f29118c4b39566bd8e7dd753825d2d99a32393083cf0b2d8428b3a7281d8bea5063d00000000000000000000000000000000000000000000000000000000000000600000000000000000000000000000000000000000000000000000000000000000,27,991913,929860,14274786069,1.32736E+16,15902567,0x6b39e0c4e6431c84e3a9db4beef7e20f8b5abecb90b32c321bed617d7b664a6a,1667636219
0xb0606f433496bf66338b8ad6b6d51fc4d84a44cd,0xd90e2f925da726b50c4ed8d0fb90ad053324f31b,0xd0ef1f9564bad6169e818aafc214dd36f2fa123c8c45bc0061aaa2265e5f24df,1E+20,0x13d98d13000000000000000000000000a160cdab225685da1d56aa342ad8841c3b53f2912f17e9c0453c77ff0068358e75c747c7439d9d527e115e339ca6dcdcc87f3d4b00000000000000000000000000000000000000000000000000000000000000600000000000000000000000000000000000000000000000000000000000000000,3,981320,919432,12639553645,1.16212E+16,15902561,0x08808dcadb766fbb378c0e00058db81f1aade2a7c9630cb8dccf0b80856ce8e9,1667636135
0xb0606f433496bf66338b8ad6b6d51fc4d84a44cd,0xd90e2f925da726b50c4ed8d0fb90ad053324f31b,0x649cf3c1a26bdcefaa9ddd1c7e0dde5e012b9e8c785ce298407d0ae4d861e991,1E+20,0x13d98d13000000000000000000000000a160cdab225685da1d56aa342ad8841c3b53f2912eb01a66688a0a61f60a073c489d569e0b69443a5aebb88b984c2c65d17e22e000000000000000000000000000000000000000000000000000000000000000600000000000000000000000000000000000000000000000000000000000000000,30,986622,924652,13583063473,1.25596E+16,15902552,0x1022620070f54a508862d1c735270b284069aeb295b31a000c605a36e50099ae,1667636027
0xb0606f433496bf66338b8ad6b6d51fc4d84a44cd,0xd90e2f925da726b50c4ed8d0fb90ad053324f31b,0x6c9011113258f30994fec3f5902999130df276b64955d99459b36e29c3490884,1E+20,0x13d98d13000000000000000000000000a160cdab225685da1d56aa342ad8841c3b53f29125df9678feac6278b881552e4ee6cc5d6702bf0b922818bea86944c8e6a8b95c00000000000000000000000000000000000000000000000000000000000000600000000000000000000000000000000000000000000000000000000000000000,27,986622,924652,13268238179,1.22685E+16,15902549,0xd25168ebb7b8faaa5dbff8526e1ea5be1e0bc0931783c2b1eab5e025f019128d,1667635991
0xb0606f433496bf66338b8ad6b6d51fc4d84a44cd,0xd90e2f925da726b50c4ed8d0fb90ad053324f31b,0x360212b5596907dc7065d51b25b57236a42d093d33b353648c7c572f9d5a39d3,1E+20,0x13d98d13000000000000000000000000a160cdab225685da1d56aa342ad8841c3b53f2912384d86a4752ae07bc0fac592b411c484121fb12862a130c6276f1ead4dcd14700000000000000000000000000000000000000000000000000000000000000600000000000000000000000000000000000000000000000000000000000000000,18,991913,929860,13311986682,1.23783E+16,15902165,0x04872a4ca2b5a479f5d7d981320c29dbdf04d3383dc85bb939bc2fb6e41ebe1b,1667631371
0xb0606f433496bf66338b8ad6b6d51fc4d84a44cd,0xd90e2f925da726b50c4ed8d0fb90ad053324f31b,0x85071cb1b174834ae3a405d79f6b870cf012dc1e97202ca72667ea4c6aadbafe,1E+20,0x13d98d13000000000000000000000000a160cdab225685da1d56aa342ad8841c3b53f291219d2856e00a422905921c451d7a9ec34cd97077636739f2d4cc8683aab040fd00000000000000000000000000000000000000000000000000000000000000600000000000000000000000000000000000000000000000000000000000000000,9,986622,924652,12884069897,1.19133E+16,15902161,0x483a7abd3f0e03be8e3ffc89327916d2a2aa0856f55283be0939bcfc5c4654e2,1667631323
0xb0606f433496bf66338b8ad6b6d51fc4d84a44cd,0xd90e2f925da726b50c4ed8d0fb90ad053324f31b,0x54778be996b38581d36dceb94988713889e66cd931ecf5efa666f3d0d019c474,1E+19,0x13d98d13000000000000000000000000910cbd523d972eb0a6f4cae4618ad62622b39dbf045c3b08b6579bf60e54dcd863461d699c123ab6a40ef7fa2eaaa1f45bb7ddc600000000000000000000000000000000000000000000000000000000000000600000000000000000000000000000000000000000000000000000000000000000,21,986622,924652,12738076814,1.17783E+16,15902121,0x283de234de6071b9f53c7501b98184c2dd2e84d00a4e2e5a551317a625c2ca4e,1667630843
0x235f10ac97bb9e23984bacadc52f6993b53a24cf,0xb0606f433496bf66338b8ad6b6d51fc4d84a44cd,0x05ca9c17c51e352afbcf0746ce5a4a18d0b1a99af6df3be155f938f659109812,1E+14,0x,109,21000,21000,9398834956,1.97376E+14,15881272,0x9ff7297966c397b4972cdf2571928467c87dbadd93307c1a9b3706c17753a5df,1667379263
0x8d08aad4b2bac2bb761ac4781cf62468c9ec47b4,0xb0606f433496bf66338b8ad6b6d51fc4d84a44cd,0xf3a14bfddc65725b4a345e0bafa84afd328de1b9487339157a0f24c9085b66f2,3.14045E+19,0x,78,21000,21000,11119629262,2.33512E+14,15881178,0x1fa4a14c221824759e748d37a91988d6a50bdce5d47bc729b6b3de3dbc6d8fa0,1667378123
0x1ef75d33baa2047ffe6baf601b7255f8f48f702c,0xb0606f433496bf66338b8ad6b6d51fc4d84a44cd,0x604f5f9ccb489ae0e4d2fea52c6e8e8d599a38cb19fbad2cd4ef3e60e772b582,1E+14,0x,78,21000,21000,10314578527,2.16606E+14,15881172,0xc38f7a8579e15638fc21132ef58dc7a541d68c02479148873adeda7137c81bab,1667378051
0xc7317c5c439f31e5100d907eabf70b7f3cbc739a,0xb0606f433496bf66338b8ad6b6d51fc4d84a44cd,0x42f6b0fd0f36ca02f0244db696575a8b9bc9626bdf6c5fff2135d34f0059ac82,1E+14,0x,141,21000,21000,9282272647,1.94928E+14,15881124,0x8ff72786a92501e3266b8185c2a26b9511bed186e9e1448f1310cdc1e6647a9d,1667377475
0x04a90964c7c5c4ec1a97e34e426a24ce6dc36659,0xb0606f433496bf66338b8ad6b6d51fc4d84a44cd,0x6430b8347d46703b6fd8a30275c8b77d20dfe62d574418354b9ef29c54a4e974,1E+14,0x,89,21000,21000,10463096134,2.19725E+14,15881050,0x6ee3d183b154b4e0fb512f8d84503f6fa3c606acde5806bbd4bbf831c468dc8c,1667376587
0x8d08aad4b2bac2bb761ac4781cf62468c9ec47b4,0xb0606f433496bf66338b8ad6b6d51fc4d84a44cd,0xdd608c8c4e8d8529967955d89f9e71842e80c3c84d592c72054f68090a5a102c,9.08019E+21,0x,56,21000,21000,12241050449,2.57062E+14,15878752,0x4e493318e8b64c5e522076df769ad9f47433885ff3ecb40df7c96cc7d9718149,1667348843
0x3089df0e2349faea1c8ec4a08593c137da10fe2d,0x2eaca4958ed323125c5ec63c5e291fbcec01c8d0,0x337e8959c12377ed0eb6d44b733e015fbbf0ab392b8368ff3842f75424f7a4af,5E+16,0x,90,21000,21000,32709542238,6.869E+14,17435939,0x16ef635365219675f1c923acda0f061e3048808c6c551a8fbc8c5791b1038a11,1686231587
0x3089df0e2349faea1c8ec4a08593c137da10fe2d,0x1fd95a4699e5415387ca8df18973b1a8c0a8300e,0xe63048f33678114b27fd6e7fa7234d144ff88b6ce4e8e8a98d9059c802ac6c65,5E+16,0x,72,21000,21000,34059132151,7.15242E+14,17435934,0x5dd9bd43ee5b0916c4835874159bb1fe59cef6e049b44e9c6c0059ff1a31c0d7,1686231527
0x3089df0e2349faea1c8ec4a08593c137da10fe2d,0xd90e2f925da726b50c4ed8d0fb90ad053324f31b,0x9ad098f6bd5d706156d38089f4aabeab8328d558398258c94ef9771b90c61609,1E+18,0x13d98d1300000000000000000000000047ce0c6ed5b0ce3d3a51fdb1c52dc66a7c3c29360ae0e554da5c69f063158c49ea628e16274b031582cb3d0fc660e6d6a1ae79a200000000000000000000000000000000000000000000000000000000000000600000000000000000000000000000000000000000000000000000000000000000,26,981332,919444,29911408940,2.75019E+16,15920466,0xca684bf1b13da7b209ba8861783fdf8705b4b583ea722dd03e5e6b7c26e8355e,1667852075
0x3089df0e2349faea1c8ec4a08593c137da10fe2d,0xd90e2f925da726b50c4ed8d0fb90ad053324f31b,0x81974947dde67fcb29f11e3968b41d7deb68823dbf2e71f88b51105543e22359,1E+18,0x13d98d1300000000000000000000000047ce0c6ed5b0ce3d3a51fdb1c52dc66a7c3c293617b9ed295da4a1582b6ab26b1b0bbff387f29a18e724930b5512b9f6cd70f2fa00000000000000000000000000000000000000000000000000000000000000600000000000000000000000000000000000000000000000000000000000000000,5,986622,924652,30433294300,2.81402E+16,15920464,0x521b3290b48b258d2d429149b5beff6c7c87a8a32c4e340ba3a65eff817220fc,1667852051
0x3089df0e2349faea1c8ec4a08593c137da10fe2d,0xd90e2f925da726b50c4ed8d0fb90ad053324f31b,0x18610558df2b9a017defd2765badbca6cd6a7ecb90d18b9d0cc23ca9da78b8e8,1E+18,0x13d98d1300000000000000000000000047ce0c6ed5b0ce3d3a51fdb1c52dc66a7c3c29360c6871cac35a7527ddc9b900184f10a51c468de1fc5e68f3637682832e1100ef00000000000000000000000000000000000000000000000000000000000000600000000000000000000000000000000000000000000000000000000000000000,4,976017,914212,30433294300,2.78225E+16,15920464,0x521b3290b48b258d2d429149b5beff6c7c87a8a32c4e340ba3a65eff817220fc,1667852051
0x3089df0e2349faea1c8ec4a08593c137da10fe2d,0xd90e2f925da726b50c4ed8d0fb90ad053324f31b,0x0b5f007db75743d14f63bcd8e2e9ff489a49531d12d3524c276698d6488ce6c2,1E+18,0x13d98d1300000000000000000000000047ce0c6ed5b0ce3d3a51fdb1c52dc66a7c3c29362a7d22772a3d2a0b8c6f1bfefee330d70e871884058998d0facd4faad2c432d800000000000000000000000000000000000000000000000000000000000000600000000000000000000000000000000000000000000000000000000000000000,33,981332,919444,30674126117,2.82031E+16,15920460,0x5b16b9a9b1d8ae87cdfcb850510041efd52936a81a5fa0ac96269181ddc53bad,1667852003
0x3089df0e2349faea1c8ec4a08593c137da10fe2d,0xd90e2f925da726b50c4ed8d0fb90ad053324f31b,0xd8156aa87df83efe7529770693e26507792969851e911373e4dca94d8b47579e,1E+18,0x13d98d1300000000000000000000000047ce0c6ed5b0ce3d3a51fdb1c52dc66a7c3c29360f03c15ded84051475d33d9d6cc795c86ebf7f60e349a2ab949ba5235d2cb09300000000000000000000000000000000000000000000000000000000000000600000000000000000000000000000000000000000000000000000000000000000,29,981332,919444,31409152136,2.8879E+16,15920460,0x5b16b9a9b1d8ae87cdfcb850510041efd52936a81a5fa0ac96269181ddc53bad,1667852003
0x3089df0e2349faea1c8ec4a08593c137da10fe2d,0xd90e2f925da726b50c4ed8d0fb90ad053324f31b,0xc6a3e350e3856fd1f50970b93a6725744d983ef6870b8aeed13a1a4126f3a3bb,1E+18,0x13d98d1300000000000000000000000047ce0c6ed5b0ce3d3a51fdb1c52dc66a7c3c29361804dd3b0670ea052161273b2a694df1f6109b9553b6dc5964ea8af2fc5f12ef00000000000000000000000000000000000000000000000000000000000000600000000000000000000000000000000000000000000000000000000000000000,13,986622,924652,32081471587,2.96642E+16,15920457,0x9025a6938f94a5bacf16da10192350864fe9abc20e829092f282fefd23bc74d9,1667851967
0x3089df0e2349faea1c8ec4a08593c137da10fe2d,0xd90e2f925da726b50c4ed8d0fb90ad053324f31b,0x4a9aa771760e22e0f5bd36b435bb98356e68a2e2f20f8f6daa2170f7efcb6323,1E+18,0x13d98d1300000000000000000000000047ce0c6ed5b0ce3d3a51fdb1c52dc66a7c3c29362c893dce37fa0ba5f5644feff3ca7de107535a1cf58388a747a1174f3787750300000000000000000000000000000000000000000000000000000000000000600000000000000000000000000000000000000000000000000000000000000000,9,981332,919444,32081471587,2.94971E+16,15920457,0x9025a6938f94a5bacf16da10192350864fe9abc20e829092f282fefd23bc74d9,1667851967
0x3089df0e2349faea1c8ec4a08593c137da10fe2d,0xd90e2f925da726b50c4ed8d0fb90ad053324f31b,0xc34e29fb9d8fa3b9453d5f713ff309ed1ae2655a4152a362e3df4a43bb980430,1E+18,0x13d98d1300000000000000000000000047ce0c6ed5b0ce3d3a51fdb1c52dc66a7c3c293601363674d58e4229c5c180b46f86117bf0caf72d9a24308c8f657b2e4450a69800000000000000000000000000000000000000000000000000000000000000600000000000000000000000000000000000000000000000000000000000000000,36,986622,924652,32432076281,2.99884E+16,15920455,0x120cc73683b1985c8a55a1fdf5f180c16d2883470dce0ee94672ce060fb7e25f,1667851943
0x3089df0e2349faea1c8ec4a08593c137da10fe2d,0xd90e2f925da726b50c4ed8d0fb90ad053324f31b,0xe6385df5ede4096d0a30de2fa2fc4391b1edd293c49f9a622efee1fa85159d46,1E+18,0x13d98d1300000000000000000000000047ce0c6ed5b0ce3d3a51fdb1c52dc66a7c3c29360571c7a3256d6a2626ea5aeabfd151a48dfeac00818c57bfae28319af60935a900000000000000000000000000000000000000000000000000000000000000600000000000000000000000000000000000000000000000000000000000000000,38,986610,924640,32621116393,3.01628E+16,15920453,0xb098a14d5ab4d227822ddf60a13864dbcdb446a0ebce1c402efbd843868ba31e,1667851919
0x3089df0e2349faea1c8ec4a08593c137da10fe2d,0xd90e2f925da726b50c4ed8d0fb90ad053324f31b,0x81c0a2c794f1355596573fe52a614a66e67f13fc69e75b06c315df14b8d7f302,1E+19,0x13d98d13000000000000000000000000910cbd523d972eb0a6f4cae4618ad62622b39dbf0ec175c861b0e2bd8feff90f13368d989050c13632bc8e99d79306c3a0cd283800000000000000000000000000000000000000000000000000000000000000600000000000000000000000000000000000000000000000000000000000000000,37,1007785,945484,35486306280,3.35517E+16,15920450,0xf1bdfc0d8fd2836cee78cdf2c429ebb178442143bca56c95cb3dee800b87e37d,1667851883
0x3089df0e2349faea1c8ec4a08593c137da10fe2d,0xd90e2f925da726b50c4ed8d0fb90ad053324f31b,0xd57700bfb143776a0fb69784fbac48a876621821469044f7dc47e6ae0570cf63,1E+19,0x13d98d13000000000000000000000000910cbd523d972eb0a6f4cae4618ad62622b39dbf100cc6a1c663035ee4a94c92e6480a5463414f5f60009001758fbbc9aaebf63900000000000000000000000000000000000000000000000000000000000000600000000000000000000000000000000000000000000000000000000000000000,34,1013064,950680,35486306280,3.37361E+16,15920450,0xf1bdfc0d8fd2836cee78cdf2c429ebb178442143bca56c95cb3dee800b87e37d,1667851883
0x3089df0e2349faea1c8ec4a08593c137da10fe2d,0xd90e2f925da726b50c4ed8d0fb90ad053324f31b,0x9fdf92731370341610be84225a9bc2422f37c3c6d66c1949eeadaeae1789d6f8,1E+19,0x13d98d13000000000000000000000000910cbd523d972eb0a6f4cae4618ad62622b39dbf22684c2286ba7173b3b5178fcaa8fe7b95362c0397741f4a54d82a7f7be8be8500000000000000000000000000000000000000000000000000000000000000600000000000000000000000000000000000000000000000000000000000000000,33,970750,909028,35486306280,3.2258E+16,15920450,0xf1bdfc0d8fd2836cee78cdf2c429ebb178442143bca56c95cb3dee800b87e37d,1667851883
0x3089df0e2349faea1c8ec4a08593c137da10fe2d,0xd90e2f925da726b50c4ed8d0fb90ad053324f31b,0x35d81f677ff6ecd0367b0cc1a3967941f2d8d5823eb22951b7b76fe948835577,1E+19,0x13d98d13000000000000000000000000910cbd523d972eb0a6f4cae4618ad62622b39dbf09d18c9c40c416c2e0be5f99ecb477707d0ccb2894161e9fcb19de28330d9aa300000000000000000000000000000000000000000000000000000000000000600000000000000000000000000000000000000000000000000000000000000000,46,976041,914236,36571092951,3.34346E+16,15920445,0x74b494b80ee9cffcf3ce1b0a5c02239935f12c4505206d33413cac53c6e5ab4b,1667851823
0x3089df0e2349faea1c8ec4a08593c137da10fe2d,0xd90e2f925da726b50c4ed8d0fb90ad053324f31b,0xf775a2a452f16dff6a582cd7c96fc1bc5f43352aa203675f941158e6d8f15470,1E+19,0x13d98d13000000000000000000000000910cbd523d972eb0a6f4cae4618ad62622b39dbf2f5a0994000c62e4ffa499cdd2420ffea713f28680776a2345750db887fde52500000000000000000000000000000000000000000000000000000000000000600000000000000000000000000000000000000000000000000000000000000000,21,976029,914224,38339543799,3.50509E+16,15920444,0xd8b19d04378623b7ccc92cbb6cfcc4561467e31cbe9e49659f852c7950889ad7,1667851811
0x3089df0e2349faea1c8ec4a08593c137da10fe2d,0xd90e2f925da726b50c4ed8d0fb90ad053324f31b,0x920ea09e212df724e61de9f1724404dda6a1cd6e922301f18c5b4b62fcf99b94,1E+19,0x13d98d13000000000000000000000000910cbd523d972eb0a6f4cae4618ad62622b39dbf1a176213e2ca2282b5b0068a6eb74fdd169b09b131f73de0a93c67569b60c76900000000000000000000000000000000000000000000000000000000000000600000000000000000000000000000000000000000000000000000000000000000,40,981332,919444,38500831769,3.53994E+16,15920443,0xeeb6d1382e51d548bcdc89e9df5b11d46f947e4c972c25285674175f240e938c,1667851799
0x3089df0e2349faea1c8ec4a08593c137da10fe2d,0xd90e2f925da726b50c4ed8d0fb90ad053324f31b,0xdd66273a45cdf80abeb2bae6a500c46c94dd0664c03d43ae0c66282b8b565c28,1E+19,0x13d98d13000000000000000000000000910cbd523d972eb0a6f4cae4618ad62622b39dbf1d296b45671b4a42bbd797a07d90e7f8342aa76c22efe269c2bfaefda770c2dd00000000000000000000000000000000000000000000000000000000000000600000000000000000000000000000000000000000000000000000000000000000,39,976041,914236,38500831769,3.51988E+16,15920443,0xeeb6d1382e51d548bcdc89e9df5b11d46f947e4c972c25285674175f240e938c,1667851799
0x3089df0e2349faea1c8ec4a08593c137da10fe2d,0xd90e2f925da726b50c4ed8d0fb90ad053324f31b,0x4d27723abd9f1257b28e0d6d0217df69899ce01c41ad91bb22cd5d33d58317d9,1E+19,0x13d98d13000000000000000000000000910cbd523d972eb0a6f4cae4618ad62622b39dbf2e0b084197944987a5982fa92336ace1901d49cebe03093411937bd5aa25c72500000000000000000000000000000000000000000000000000000000000000600000000000000000000000000000000000000000000000000000000000000000,22,981332,919444,40666729005,3.73908E+16,15920441,0xd8c6e1db1cd14e5f94bcea432b31ea2ee18d2c52bdb5d17f97c6a1ea897facea,1667851775
0x3089df0e2349faea1c8ec4a08593c137da10fe2d,0xd90e2f925da726b50c4ed8d0fb90ad053324f31b,0xaced340c6a10c85a513e6508152f0d47ac211474402d18315b5df83e7d674163,1E+19,0x13d98d13000000000000000000000000910cbd523d972eb0a6f4cae4618ad62622b39dbf1997fad63ce32fa84781d1c9891d3d1061a89bf658d8b678c3614729bcfedc8000000000000000000000000000000000000000000000000000000000000000600000000000000000000000000000000000000000000000000000000000000000,21,981332,919444,40666729005,3.73908E+16,15920441,0xd8c6e1db1cd14e5f94bcea432b31ea2ee18d2c52bdb5d17f97c6a1ea897facea,1667851775
0x3089df0e2349faea1c8ec4a08593c137da10fe2d,0xd90e2f925da726b50c4ed8d0fb90ad053324f31b,0x5fffcc3a4571292d1ee2761c43e2878c5b08e7ceab53c2053164179a189e0221,1E+20,0x13d98d13000000000000000000000000a160cdab225685da1d56aa342ad8841c3b53f2912acfb9a7393c8381ebac0fc216722e185fb8efb4ae7586e2ab883b46994ce43a00000000000000000000000000000000000000000000000000000000000000600000000000000000000000000000000000000000000000000000000000000000,41,976041,914236,22155105892,2.0255E+16,15920374,0x3cb8d77c9d95cd415f86119a091d8eb3491227be128a3bcb04e6c7733aa76bd6,1667850971
0x3089df0e2349faea1c8ec4a08593c137da10fe2d,0xd90e2f925da726b50c4ed8d0fb90ad053324f31b,0xf3188cc320fa6e13bca65277ea6daa39068aa1f9d224fd02cd45502efb0b17e1,1E+20,0x13d98d13000000000000000000000000a160cdab225685da1d56aa342ad8841c3b53f2911977ba9b2606caad3a5082b4bb2b17da3f6e02068fa3bfee062e18bdd97cc1a700000000000000000000000000000000000000000000000000000000000000600000000000000000000000000000000000000000000000000000000000000000,40,981332,919444,22155105892,2.03704E+16,15920374,0x3cb8d77c9d95cd415f86119a091d8eb3491227be128a3bcb04e6c7733aa76bd6,1667850971
0x3089df0e2349faea1c8ec4a08593c137da10fe2d,0xd90e2f925da726b50c4ed8d0fb90ad053324f31b,0x1d69f03450447b73569584c5fb0b87fed195abb3c995dd20afb9221aa0af68fe,1E+20,0x13d98d13000000000000000000000000a160cdab225685da1d56aa342ad8841c3b53f2910d9e532c51a7b77324089433f3e3e76c0843d33e12cbfcca7cf92276c864d1aa00000000000000000000000000000000000000000000000000000000000000600000000000000000000000000000000000000000000000000000000000000000,44,981332,919444,20912438210,1.92278E+16,15920369,0x560aec98e986c35ae7e54292cfd3f40ee55fac2d2d6650be8878e20989d839b2,1667850899
0x3089df0e2349faea1c8ec4a08593c137da10fe2d,0xd90e2f925da726b50c4ed8d0fb90ad053324f31b,0xe3299468aa49bebc1aa6570c5d047f36073947e2e8a6c79f4dfb1e471d924ec7,1E+20,0x13d98d13000000000000000000000000a160cdab225685da1d56aa342ad8841c3b53f29103e2906919fd7ee444b2dccc4fecfa6823294399e1c0028056783689d201713600000000000000000000000000000000000000000000000000000000000000600000000000000000000000000000000000000000000000000000000000000000,43,986622,924652,21221963661,1.96229E+16,15920369,0x560aec98e986c35ae7e54292cfd3f40ee55fac2d2d6650be8878e20989d839b2,1667850899
0x3089df0e2349faea1c8ec4a08593c137da10fe2d,0xd90e2f925da726b50c4ed8d0fb90ad053324f31b,0xa268efbca397dbebfb0b0f006dbad23be2bbd0af47270593f6869b39637cb9c2,1E+20,0x13d98d13000000000000000000000000a160cdab225685da1d56aa342ad8841c3b53f29126f0e3c6c148fe7891ea4f0e648dbec6777aa5159a49c11ab28ed916a4d12df500000000000000000000000000000000000000000000000000000000000000600000000000000000000000000000000000000000000000000000000000000000,42,981332,919444,20967697533,1.92786E+16,15920369,0x560aec98e986c35ae7e54292cfd3f40ee55fac2d2d6650be8878e20989d839b2,1667850899
0x3089df0e2349faea1c8ec4a08593c137da10fe2d,0xd90e2f925da726b50c4ed8d0fb90ad053324f31b,0x1d05c33a840e11c887622934f1805f9bd32f32c6c0441c4b7c6f04953bfcb72d,1E+20,0x13d98d13000000000000000000000000a160cdab225685da1d56aa342ad8841c3b53f2910d3453fbaee9b629c5bf4c09d1257b6a0405509877b5cdd73f5847a9aa0befe400000000000000000000000000000000000000000000000000000000000000600000000000000000000000000000000000000000000000000000000000000000,37,986622,924652,21030071807,1.94455E+16,15920366,0x76f6231699534148261c89259457da87e12ad5dead1a10ea4969259985ba055d,1667850863
0x3089df0e2349faea1c8ec4a08593c137da10fe2d,0xd90e2f925da726b50c4ed8d0fb90ad053324f31b,0x5373924ef5c44490c0ab90c9ea439f2884fc0578209b066277db910f28eba8db,1E+20,0x13d98d13000000000000000000000000a160cdab225685da1d56aa342ad8841c3b53f291081c9cb24fcf4c01ee62a2555d3b401719f26c2b59b996264f110a9fa131f51a00000000000000000000000000000000000000000000000000000000000000600000000000000000000000000000000000000000000000000000000000000000,30,986622,924652,20967697533,1.93878E+16,15920364,0x11c39db017d0709d135a6df9e557e1781a25190a268193170ab9ce4f0041b3ec,1667850839
0x3089df0e2349faea1c8ec4a08593c137da10fe2d,0xd90e2f925da726b50c4ed8d0fb90ad053324f31b,0xa288f438a913ae2764780138ab3e7781ee45ff023e1bae647c85ce87542e546a,1E+20,0x13d98d13000000000000000000000000a160cdab225685da1d56aa342ad8841c3b53f29120fde4b8ece0370993246915041db31814d55536d6d9b616f5498f5bd0188a6400000000000000000000000000000000000000000000000000000000000000600000000000000000000000000000000000000000000000000000000000000000,36,991913,929860,21048377914,1.9572E+16,15920362,0xc2c45bc4f486ba1f55403289763d4df9f7fc2ae87ff50b16c99de4a29ef6cc03,1667850815
0x3089df0e2349faea1c8ec4a08593c137da10fe2d,0xd90e2f925da726b50c4ed8d0fb90ad053324f31b,0x26f9020e92c5f6ea3de00880ee5804070b30023c935a21da204faa1b2d167c66,1E+20,0x13d98d13000000000000000000000000a160cdab225685da1d56aa342ad8841c3b53f291139bf40af590b401f25d5fd47d498e6e6cbcc09723fb1eeef07f2e1855afcd0400000000000000000000000000000000000000000000000000000000000000600000000000000000000000000000000000000000000000000000000000000000,35,981332,919444,21048377914,1.93528E+16,15920362,0xc2c45bc4f486ba1f55403289763d4df9f7fc2ae87ff50b16c99de4a29ef6cc03,1667850815
0x3089df0e2349faea1c8ec4a08593c137da10fe2d,0xd90e2f925da726b50c4ed8d0fb90ad053324f31b,0xe14e01967c2a8c425181a8cfe1fc18a82c08a565027bb557629b24d9f823eaa0,1E+20,0x13d98d13000000000000000000000000a160cdab225685da1d56aa342ad8841c3b53f2911b41c18af524bf928e5141b567a7f6e55b8cd68e64a9f712f62bdfc3953ef41a00000000000000000000000000000000000000000000000000000000000000600000000000000000000000000000000000000000000000000000000000000000,34,986622,924652,21048377914,1.94624E+16,15920362,0xc2c45bc4f486ba1f55403289763d4df9f7fc2ae87ff50b16c99de4a29ef6cc03,1667850815
0x3089df0e2349faea1c8ec4a08593c137da10fe2d,0xd90e2f925da726b50c4ed8d0fb90ad053324f31b,0xa2e01326e4b150f118b325aeeec59baa8e960924cc49a38f70f3f9c752d298fa,1E+20,0x13d98d13000000000000000000000000a160cdab225685da1d56aa342ad8841c3b53f291225a1646d86517262e708416648ee4b0aa0eb257880b6637bee589aed2923ea000000000000000000000000000000000000000000000000000000000000000600000000000000000000000000000000000000000000000000000000000000000,33,986622,924652,20048377914,1.85378E+16,15920362,0xc2c45bc4f486ba1f55403289763d4df9f7fc2ae87ff50b16c99de4a29ef6cc03,1667850815
0x3089df0e2349faea1c8ec4a08593c137da10fe2d,0xd90e2f925da726b50c4ed8d0fb90ad053324f31b,0x5fdfae17010155ff038e025f97da3e3f0d3a7db77170f8b5d96968004ab795b1,1E+20,0x13d98d13000000000000000000000000a160cdab225685da1d56aa342ad8841c3b53f29100c8a588283d2f3a300ea2dea722c5d043858d6c2c2fc89f3a35605712d0446e00000000000000000000000000000000000000000000000000000000000000600000000000000000000000000000000000000000000000000000000000000000,133,991901,929848,22182179203,2.06261E+16,15920356,0x31a13a2a7b431739ff98a4ee631adef13a5dc79b5e7b229bcf9f2eec75d9fb8f,1667850743
0x3089df0e2349faea1c8ec4a08593c137da10fe2d,0xd90e2f925da726b50c4ed8d0fb90ad053324f31b,0x7085ded1912616aed67409711dfbab87482d0ef5249540a84d56f0ebd0ae4475,1E+20,0x13d98d13000000000000000000000000a160cdab225685da1d56aa342ad8841c3b53f2911a0f5d994dc227b4d9a83da7955d35eb6b8a12f7f039f786b96faf6f47644e3c00000000000000000000000000000000000000000000000000000000000000600000000000000000000000000000000000000000000000000000000000000000,132,986622,924652,22182179203,2.05108E+16,15920356,0x31a13a2a7b431739ff98a4ee631adef13a5dc79b5e7b229bcf9f2eec75d9fb8f,1667850743
0x3089df0e2349faea1c8ec4a08593c137da10fe2d,0xd90e2f925da726b50c4ed8d0fb90ad053324f31b,0x8c708585686e04f60be3198dae8d26953965f6b12c41592b528b87ef5246ff91,1E+20,0x13d98d13000000000000000000000000a160cdab225685da1d56aa342ad8841c3b53f2911198751dd9e5212a4f73dcd43ad7ac51f14ef501beab7cb3fbca89b6addd8a7300000000000000000000000000000000000000000000000000000000000000600000000000000000000000000000000000000000000000000000000000000000,131,991913,929860,21991660448,2.04492E+16,15920356,0x31a13a2a7b431739ff98a4ee631adef13a5dc79b5e7b229bcf9f2eec75d9fb8f,1667850743
0x3089df0e2349faea1c8ec4a08593c137da10fe2d,0xd90e2f925da726b50c4ed8d0fb90ad053324f31b,0x5c27f462d482aeeb757d4c52cfd3e8026e86fbe4b3f5647dd5633e95c3e486c8,1E+20,0x13d98d13000000000000000000000000a160cdab225685da1d56aa342ad8841c3b53f2910fdbbf65da93f853b8047a1e8706f82539deb33e49717ec490a73b987e867af000000000000000000000000000000000000000000000000000000000000000600000000000000000000000000000000000000000000000000000000000000000,130,991913,929860,20086829115,1.86779E+16,15920356,0x31a13a2a7b431739ff98a4ee631adef13a5dc79b5e7b229bcf9f2eec75d9fb8f,1667850743
0x3089df0e2349faea1c8ec4a08593c137da10fe2d,0xd90e2f925da726b50c4ed8d0fb90ad053324f31b,0xf72739d390eb3015c6540bff16632fae37316af1bfaf947d58daf93a3c94c962,1E+20,0x13d98d13000000000000000000000000a160cdab225685da1d56aa342ad8841c3b53f2912181bbc28c7e8835184b03816b3216df0cde8e2fc8725e6f6997cc4685c71af500000000000000000000000000000000000000000000000000000000000000600000000000000000000000000000000000000000000000000000000000000000,27,997204,935068,23690629812,2.21523E+16,15920337,0xaf7f813e8f12d556f3090d59e4cfdd0c601758ba58a28c14eae8a4348ffb9a1a,1667850515
0x3089df0e2349faea1c8ec4a08593c137da10fe2d,0xd90e2f925da726b50c4ed8d0fb90ad053324f31b,0xfe2ee734daf88543c72d994f25b0b18483f98f770ffd1538b1862deaba7d3977,1E+20,0x13d98d13000000000000000000000000a160cdab225685da1d56aa342ad8841c3b53f29111b6e92a5e43d278018326113ae1e3835bb106cac0f5da954a4566301d39a24000000000000000000000000000000000000000000000000000000000000000600000000000000000000000000000000000000000000000000000000000000000,32,976041,914236,23222725788,2.12311E+16,15920334,0x9138b8ae102be77cae9cfbb2445e6fd0898f6cdc554313e64e35d83af65131b5,1667850479
0x3089df0e2349faea1c8ec4a08593c137da10fe2d,0xd90e2f925da726b50c4ed8d0fb90ad053324f31b,0x792bea62fd54045af5c997da9c864d5729c0d6ff02a56a9d41aba34d5444af7d,1E+20,0x13d98d13000000000000000000000000a160cdab225685da1d56aa342ad8841c3b53f29103b6335af3f10b9528cbfdfe83f280b3c0119e3e85038c2c6f6e2cd9c98e33d200000000000000000000000000000000000000000000000000000000000000600000000000000000000000000000000000000000000000000000000000000000,45,981332,919444,23629424526,2.17259E+16,15920332,0x94c9e290c45f9b989c62b06af8152517166285ae08e9fb4b00a8f9ea7324cbf6,1667850455
0x3089df0e2349faea1c8ec4a08593c137da10fe2d,0xd90e2f925da726b50c4ed8d0fb90ad053324f31b,0x8be986119cc6d26861ffd23a44c9ca31c4133d4d96513b4989505195f274eff5,1E+20,0x13d98d13000000000000000000000000a160cdab225685da1d56aa342ad8841c3b53f29118bf89a0f1848cb3d31c84dcf75e12dfd700601651e2d4d67ef446301a2a8c5700000000000000000000000000000000000000000000000000000000000000600000000000000000000000000000000000000000000000000000000000000000,31,981320,919432,24478667384,2.25065E+16,15920330,0x4ce21ee4331faafd0ed49cb24b1a06ab9421aabfd88a88e84b8d5938f2e8c19e,1667850431
0x3089df0e2349faea1c8ec4a08593c137da10fe2d,0xd90e2f925da726b50c4ed8d0fb90ad053324f31b,0x2fd6368d39be087a1d29aa9dccefce020aad3b7e5a30ba820e4cecf2701cb15d,1E+20,0x13d98d13000000000000000000000000a160cdab225685da1d56aa342ad8841c3b53f2910da2a2021eda0e315e30ab3eb9de5891f36bea19dcf2d9045af75ee7372ad17700000000000000000000000000000000000000000000000000000000000000600000000000000000000000000000000000000000000000000000000000000000,7,986622,924652,26660794535,2.4652E+16,15920319,0x32f3672e2539d385f7129d21d223f4e141342a677785e74e54c1e81033535d7b,1667850299
0x3089df0e2349faea1c8ec4a08593c137da10fe2d,0xd90e2f925da726b50c4ed8d0fb90ad053324f31b,0xada372ecc9943d20dd27c5f02f9a36f9ca2f20fef666e202c8393d270752b6e6,1E+20,0x13d98d13000000000000000000000000a160cdab225685da1d56aa342ad8841c3b53f2910d5a6b97bddc7d4a72fe160693828d7a9fa0abb9498c94919b367a113aa7900700000000000000000000000000000000000000000000000000000000000000600000000000000000000000000000000000000000000000000000000000000000,6,981332,919444,26660794535,2.45131E+16,15920319,0x32f3672e2539d385f7129d21d223f4e141342a677785e74e54c1e81033535d7b,1667850299
0x3089df0e2349faea1c8ec4a08593c137da10fe2d,0xd90e2f925da726b50c4ed8d0fb90ad053324f31b,0xfa3e699ebe7409d30305c2af9b9c391b279e9cd04a139e74775c4f17a90a4af8,1E+20,0x13d98d13000000000000000000000000a160cdab225685da1d56aa342ad8841c3b53f2910111aef22a7074f949c883370fb83281f5421ddf3ec7ce705a42552ba210acc300000000000000000000000000000000000000000000000000000000000000600000000000000000000000000000000000000000000000000000000000000000,37,986622,924652,27927138794,2.58229E+16,15920314,0xf081b1fba17b021f61029218a3d4824621962dc81bc9bb361b3398e5adc896c2,1667850239
0x3089df0e2349faea1c8ec4a08593c137da10fe2d,0xd90e2f925da726b50c4ed8d0fb90ad053324f31b,0x8481e30ab0715b12f7bac47f0c74acd8da441350674b18cc05d4df23e3e803e9,1E+20,0x13d98d13000000000000000000000000a160cdab225685da1d56aa342ad8841c3b53f291229af6f62bcb5a56bf9f5984aef8d04a953ffbb28a498059188b1aa0e1201b6600000000000000000000000000000000000000000000000000000000000000600000000000000000000000000000000000000000000000000000000000000000,36,986622,924652,27927138794,2.58229E+16,15920314,0xf081b1fba17b021f61029218a3d4824621962dc81bc9bb361b3398e5adc896c2,1667850239
0x3089df0e2349faea1c8ec4a08593c137da10fe2d,0xd90e2f925da726b50c4ed8d0fb90ad053324f31b,0xf268d6f41bfac78d0037d5677be556caf09673766571c20d92b699e2e1303b62,1E+20,0x13d98d13000000000000000000000000a160cdab225685da1d56aa342ad8841c3b53f29102e2149ca9a6aea35012aacded723fff695ab893bf623427004faee5b388173f00000000000000000000000000000000000000000000000000000000000000600000000000000000000000000000000000000000000000000000000000000000,35,991901,929848,27927138794,2.5968E+16,15920314,0xf081b1fba17b021f61029218a3d4824621962dc81bc9bb361b3398e5adc896c2,1667850239
0x3089df0e2349faea1c8ec4a08593c137da10fe2d,0xd90e2f925da726b50c4ed8d0fb90ad053324f31b,0x162d330e0cc60ed7ec63229bfe7df9231e987dbda8a0501b78dfd3b61c04ec66,1E+20,0x13d98d13000000000000000000000000a160cdab225685da1d56aa342ad8841c3b53f2910ad177cd322b9f91d5dde2a4fb8b23aa15b9db1d301b54755a0fd8c3271b918f00000000000000000000000000000000000000000000000000000000000000600000000000000000000000000000000000000000000000000000000000000000,55,981332,919444,29753911251,2.73571E+16,15920307,0x37b425d24ac35e60b9801c0aa34add91e17541e2fbe122d1a614f38ddc42213a,1667850155
0x3089df0e2349faea1c8ec4a08593c137da10fe2d,0xd90e2f925da726b50c4ed8d0fb90ad053324f31b,0xa158554567ef192bc7c44f259bbde9318b44eb87cb2648a4329b959b6327fd2a,1E+20,0x13d98d13000000000000000000000000a160cdab225685da1d56aa342ad8841c3b53f29125198aedde399c598ec60b950918ecba77e188d630233c5f178f4554d7f5542300000000000000000000000000000000000000000000000000000000000000600000000000000000000000000000000000000000000000000000000000000000,54,986622,924652,29467896701,2.72475E+16,15920307,0x37b425d24ac35e60b9801c0aa34add91e17541e2fbe122d1a614f38ddc42213a,1667850155
0x3089df0e2349faea1c8ec4a08593c137da10fe2d,0xd90e2f925da726b50c4ed8d0fb90ad053324f31b,0x481631821ff4c8e163fd380515f2947f79e988b372356ac0b5f4879822e7d1b3,1E+20,0x13d98d13000000000000000000000000a160cdab225685da1d56aa342ad8841c3b53f2911274a0ec3cb741bd7d2432d66d726b371922bfbca993463cacfd76c9eff166da00000000000000000000000000000000000000000000000000000000000000600000000000000000000000000000000000000000000000000000000000000000,50,986622,924652,29753911251,2.7512E+16,15920307,0x37b425d24ac35e60b9801c0aa34add91e17541e2fbe122d1a614f38ddc42213a,1667850155
0x3089df0e2349faea1c8ec4a08593c137da10fe2d,0xd90e2f925da726b50c4ed8d0fb90ad053324f31b,0xfbc590815afc60b2584adb5adbe1e853cc26931be666aa62319ae2aee6fda5cd,1E+20,0x13d98d13000000000000000000000000a160cdab225685da1d56aa342ad8841c3b53f291190ec932e751bd96b771ea008a45e6a5e931ec4229ece9c32939af0c005b76a400000000000000000000000000000000000000000000000000000000000000600000000000000000000000000000000000000000000000000000000000000000,135,991889,929836,31515980733,2.93047E+16,15920300,0x1d26078fa698b149a7dc9c246efda5c83e0c4ab0606abd89b749e350b0126e53,1667850071
0x3089df0e2349faea1c8ec4a08593c137da10fe2d,0xd90e2f925da726b50c4ed8d0fb90ad053324f31b,0x3bb207bbd7fa740d1d3e14effe766085118f1303de155c0b500f6a93c3335a9a,1E+20,0x13d98d13000000000000000000000000a160cdab225685da1d56aa342ad8841c3b53f29115ba58bdb11066770cde76c60a57df6fbb9ac5753475b7b5a46c91fe53e9759000000000000000000000000000000000000000000000000000000000000000600000000000000000000000000000000000000000000000000000000000000000,134,991913,924652,31515980733,2.91413E+16,15920300,0x1d26078fa698b149a7dc9c246efda5c83e0c4ab0606abd89b749e350b0126e53,1667850071
0x3089df0e2349faea1c8ec4a08593c137da10fe2d,0xd90e2f925da726b50c4ed8d0fb90ad053324f31b,0xff4fb07c34cd6df1f6e4db4a968df97ad4e6dd8bfc31569ed8e1fd7fd13bc16b,1E+20,0x13d98d13000000000000000000000000a160cdab225685da1d56aa342ad8841c3b53f29125eac19e0ca065366d6506a27869817d361af097919014fadbd7cbc7e1c846cc00000000000000000000000000000000000000000000000000000000000000600000000000000000000000000000000000000000000000000000000000000000,133,991913,929860,29080899388,2.70412E+16,15920300,0x1d26078fa698b149a7dc9c246efda5c83e0c4ab0606abd89b749e350b0126e53,1667850071
0x3089df0e2349faea1c8ec4a08593c137da10fe2d,0xd90e2f925da726b50c4ed8d0fb90ad053324f31b,0x5f03bbe0c1af1d6264c7449ec84707fb3ed5c121b16c9cb3455f3f6eca83c5c7,1E+20,0x13d98d13000000000000000000000000a160cdab225685da1d56aa342ad8841c3b53f2910933672740a731387add44c6d376301a67d0a4b552f18c863ec8481f4600848600000000000000000000000000000000000000000000000000000000000000600000000000000000000000000000000000000000000000000000000000000000,153,991901,929848,29689138888,2.76064E+16,15920295,0x949e4c6b3ac7368938c8c94f0ecc4c54577ecd9810c015902188cadef750728a,1667850011
0x3089df0e2349faea1c8ec4a08593c137da10fe2d,0xd90e2f925da726b50c4ed8d0fb90ad053324f31b,0x971964b2854fc3ff57a6f1faac2763daaa17767cf301f95b0ba2ea16222b356c,1E+20,0x13d98d13000000000000000000000000a160cdab225685da1d56aa342ad8841c3b53f29112de92c8c92d35cb7db2c1cf75aa230babebd5b393defa38d3b3a292fc56d11f00000000000000000000000000000000000000000000000000000000000000600000000000000000000000000000000000000000000000000000000000000000,43,997204,935068,29080899388,2.71926E+16,15920294,0xa168f64a992a4d4dd64279516f7b2f665d767ea2ab9e9e41c73ede921a7581bd,1667849999
0x3089df0e2349faea1c8ec4a08593c137da10fe2d,0xd90e2f925da726b50c4ed8d0fb90ad053324f31b,0x5becd6796806e7d10dc86984049280fa62eaa56ba29cfb3ffb6dd70f23e2e930,1E+20,0x13d98d13000000000000000000000000a160cdab225685da1d56aa342ad8841c3b53f29107833e2b350672ee1f6b58d2b494abce502cbccb715f3f6344200ef4cfa63cb900000000000000000000000000000000000000000000000000000000000000600000000000000000000000000000000000000000000000000000000000000000,58,981332,919444,29295645069,2.69357E+16,15920292,0xc507cb6a13fa9a2aceb000b05aa7280c1f58f0d59cea0e6b75fd7451563b19a7,1667849975
0x3089df0e2349faea1c8ec4a08593c137da10fe2d,0xd90e2f925da726b50c4ed8d0fb90ad053324f31b,0xbfe1f3a086fe9effe4512188eedb1db186751b3255bb4113b117c5cbe32ec277,1E+20,0x13d98d13000000000000000000000000a160cdab225685da1d56aa342ad8841c3b53f2912275e987a4d10b0b544df3301d23a73b8fef2ef09362adb9c4c2f2d28dc5927c00000000000000000000000000000000000000000000000000000000000000600000000000000000000000000000000000000000000000000000000000000000,60,986622,924652,26780032521,2.47622E+16,15920290,0x218f8e2cc4cd765b898399e5ee4dfc92b603a9fbae30c55b6d038099973528eb,1667849951
0x3089df0e2349faea1c8ec4a08593c137da10fe2d,0xd90e2f925da726b50c4ed8d0fb90ad053324f31b,0x84cefff3119f811bdaa0f3cf2011a0407ef33b315bf3d853f88b4cd89894395a,1E+20,0x13d98d13000000000000000000000000a160cdab225685da1d56aa342ad8841c3b53f29112ff5fbe277c9b9e7fb2809f5abbb6122706a9622e909b2252423b4175978a9e00000000000000000000000000000000000000000000000000000000000000600000000000000000000000000000000000000000000000000000000000000000,4,986622,924652,29295645069,2.70883E+16,15920289,0x70adb3d1413ede419da25263d5b983f597b01e1373ab0573d77c6627bad69f11,1667849939
0x3089df0e2349faea1c8ec4a08593c137da10fe2d,0xd90e2f925da726b50c4ed8d0fb90ad053324f31b,0x6d093e5cc3124e389e1a9d2d18df11cc1c6b93458b29c921c2d42ab909b5a3ea,1E+20,0x13d98d13000000000000000000000000a160cdab225685da1d56aa342ad8841c3b53f29129ebfb5b3c20de0cd3bcac90a5c308c5c24e4d4945d3c713a3faab13121838c700000000000000000000000000000000000000000000000000000000000000600000000000000000000000000000000000000000000000000000000000000000,3,991913,929860,29295645069,2.72408E+16,15920289,0x70adb3d1413ede419da25263d5b983f597b01e1373ab0573d77c6627bad69f11,1667849939
0x3089df0e2349faea1c8ec4a08593c137da10fe2d,0xd90e2f925da726b50c4ed8d0fb90ad053324f31b,0xc5c8f09b15bfe3a67fa2eb62823addc18ab0eee7e331c6722550a5bd6852efaa,1E+20,0x13d98d13000000000000000000000000a160cdab225685da1d56aa342ad8841c3b53f2911b32b59337712c9ab5f879738f892ba2b9db8c781d8ca86a53423ca0afe6e5fd00000000000000000000000000000000000000000000000000000000000000600000000000000000000000000000000000000000000000000000000000000000,46,986622,924652,29945659368,2.76893E+16,15920282,0xc8ec9843695606831c7637e09ee5ca282b1f2ffff60eb2facf4d6d36215aa063,1667849855
0x3089df0e2349faea1c8ec4a08593c137da10fe2d,0xd90e2f925da726b50c4ed8d0fb90ad053324f31b,0xccde447ec114d0a798fb6eaf884c6470f66b6b942a7da20a45dc7a8560f7b750,1E+20,0x13d98d13000000000000000000000000a160cdab225685da1d56aa342ad8841c3b53f2910b4ade3d881edb977c1864ad2c5073e913cb38e15e2c16e77a740bd57fb847a200000000000000000000000000000000000000000000000000000000000000600000000000000000000000000000000000000000000000000000000000000000,43,991913,929860,30322613066,2.81958E+16,15920282,0xc8ec9843695606831c7637e09ee5ca282b1f2ffff60eb2facf4d6d36215aa063,1667849855
0x3089df0e2349faea1c8ec4a08593c137da10fe2d,0xd90e2f925da726b50c4ed8d0fb90ad053324f31b,0xcd00a59849c3ed5af8e23475e2768c63d7b86b98b99ed923ae61f8899ad22900,1E+20,0x13d98d13000000000000000000000000a160cdab225685da1d56aa342ad8841c3b53f2912dacfbf8381fbde02a94d0f2e8fbd443bf6fb251a72f1fe72828ab8d06d9c44200000000000000000000000000000000000000000000000000000000000000600000000000000000000000000000000000000000000000000000000000000000,64,991913,929860,30267294659,2.81443E+16,15920278,0x85867cc2f759de47175484449013e73d807a13546f5734cbda480f37ba349e28,1667849807
0x3089df0e2349faea1c8ec4a08593c137da10fe2d,0xd90e2f925da726b50c4ed8d0fb90ad053324f31b,0x2de7a6b6f5c2b85dfffca65637c5e6e5b9a17c9325e423be199220b8c863b9ce,1E+20,0x13d98d13000000000000000000000000a160cdab225685da1d56aa342ad8841c3b53f291010c90ddbfa2d5073af3c44e09a5ae18c9ec823f116b3143d5638b231c5fe2b400000000000000000000000000000000000000000000000000000000000000600000000000000000000000000000000000000000000000000000000000000000,63,997204,935068,29479599081,2.75654E+16,15920278,0x85867cc2f759de47175484449013e73d807a13546f5734cbda480f37ba349e28,1667849807
0x3089df0e2349faea1c8ec4a08593c137da10fe2d,0xd90e2f925da726b50c4ed8d0fb90ad053324f31b,0xea594c2c94ca17205371ad0cd13c09c77c7ec67a82b4523ae26aca57a6ebbcfe,1E+20,0x13d98d13000000000000000000000000a160cdab225685da1d56aa342ad8841c3b53f2912fc46ec2683edbdce4bffaf0413b80e71fd741da894f440949340eaad2a9bf3000000000000000000000000000000000000000000000000000000000000000600000000000000000000000000000000000000000000000000000000000000000,143,986622,924652,27358475744,2.52971E+16,15920273,0xd10bf90e721b2fb57531949a376e2a49c88f67a8455d7b4bae7bd11dca743cfe,1667849747
0x3089df0e2349faea1c8ec4a08593c137da10fe2d,0xd90e2f925da726b50c4ed8d0fb90ad053324f31b,0xb7eb883149ae78ce68fce974eb660213ffc73965569114947c475a7dc510e5e0,1E+20,0x13d98d13000000000000000000000000a160cdab225685da1d56aa342ad8841c3b53f291117cb49a8cd5ab9bf02d1e211a9faa600d3585a4488772f4307335371f4fdbd500000000000000000000000000000000000000000000000000000000000000600000000000000000000000000000000000000000000000000000000000000000,142,991913,929860,26803032962,2.49231E+16,15920273,0xd10bf90e721b2fb57531949a376e2a49c88f67a8455d7b4bae7bd11dca743cfe,1667849747
0x3089df0e2349faea1c8ec4a08593c137da10fe2d,0xd90e2f925da726b50c4ed8d0fb90ad053324f31b,0x032ae8c6f6045b78717edc8995209e771f357047f7196fd1beb938b995b387a9,1E+20,0x13d98d13000000000000000000000000a160cdab225685da1d56aa342ad8841c3b53f29107c4258d52079ebedef79a60c38d42138b0431d71ddcf59b613fd58c7926febf00000000000000000000000000000000000000000000000000000000000000600000000000000000000000000000000000000000000000000000000000000000,141,991913,929860,26544764050,2.46829E+16,15920273,0xd10bf90e721b2fb57531949a376e2a49c88f67a8455d7b4bae7bd11dca743cfe,1667849747
0x3089df0e2349faea1c8ec4a08593c137da10fe2d,0xd90e2f925da726b50c4ed8d0fb90ad053324f31b,0xc2342e9507aa59a63add31f6dc262a8bac2ab50be36f3811abbbb3b74f7182c7,1E+20,0x13d98d13000000000000000000000000a160cdab225685da1d56aa342ad8841c3b53f2912618ece9f44ca3abebbd7d160edf66ca518bfcc5e985b569e05d674eaddd637800000000000000000000000000000000000000000000000000000000000000600000000000000000000000000000000000000000000000000000000000000000,135,997204,935068,27165818124,2.54019E+16,15920273,0xd10bf90e721b2fb57531949a376e2a49c88f67a8455d7b4bae7bd11dca743cfe,1667849747
0x3089df0e2349faea1c8ec4a08593c137da10fe2d,0xd90e2f925da726b50c4ed8d0fb90ad053324f31b,0xaed9b218c7929ef5f9435bf60fbff16bcbc3cdd10443c57d78ce5edb3080dce6,1E+20,0x13d98d13000000000000000000000000a160cdab225685da1d56aa342ad8841c3b53f29125591d99bf60b67229c69daad90604cd472a085afff3dd3401c15e68d4e65db200000000000000000000000000000000000000000000000000000000000000600000000000000000000000000000000000000000000000000000000000000000,31,991913,929860,25786448417,2.39778E+16,15920263,0x71c936c52b5d4eed4c0536ef881c2346b2c35e2ae961cd35504893625f57649b,1667849627
0x3089df0e2349faea1c8ec4a08593c137da10fe2d,0xd90e2f925da726b50c4ed8d0fb90ad053324f31b,0xd8d1d2ff8fd17d4bb8469b61b751da5f71b4b0df9b06b16175da550eefe90230,1E+20,0x13d98d13000000000000000000000000a160cdab225685da1d56aa342ad8841c3b53f2910673ffd1421196558b9c7ee4505502b109c297b855a9fbe7732e22c6c65d3f1800000000000000000000000000000000000000000000000000000000000000600000000000000000000000000000000000000000000000000000000000000000,198,997204,935068,23795164070,2.22501E+16,15920260,0x8ab147c5b63af4dc7c2d902ae7b290c96b27ddec714bec0a794c60517cc1b3ca,1667849591
0x3089df0e2349faea1c8ec4a08593c137da10fe2d,0xd90e2f925da726b50c4ed8d0fb90ad053324f31b,0x0e00cf6d6cd0232cabb12122b4feb9bb4ccc91a8473ea5e8d02e77da0a700d2b,1E+20,0x13d98d13000000000000000000000000a160cdab225685da1d56aa342ad8841c3b53f2910ee411e8dfc0f8ef8abd9f60f8f3e7482c8f668d73def64d523bac22b66947c400000000000000000000000000000000000000000000000000000000000000600000000000000000000000000000000000000000000000000000000000000000,197,997204,935068,23483520282,2.19587E+16,15920260,0x8ab147c5b63af4dc7c2d902ae7b290c96b27ddec714bec0a794c60517cc1b3ca,1667849591
0x3089df0e2349faea1c8ec4a08593c137da10fe2d,0xd90e2f925da726b50c4ed8d0fb90ad053324f31b,0xf500969f632e1cfe9bf99675e9fe67738c2b5f35890b43b59df50f802a70bd63,1E+20,0x13d98d13000000000000000000000000a160cdab225685da1d56aa342ad8841c3b53f291061d0b0396043e7754d881faa2be904c2ffe36d54326483947377e44b5b3b55500000000000000000000000000000000000000000000000000000000000000600000000000000000000000000000000000000000000000000000000000000000,63,1002494,940276,26145463667,2.4584E+16,15920260,0x8ab147c5b63af4dc7c2d902ae7b290c96b27ddec714bec0a794c60517cc1b3ca,1667849591
0x3089df0e2349faea1c8ec4a08593c137da10fe2d,0xd90e2f925da726b50c4ed8d0fb90ad053324f31b,0x570b9c55e4b82420d8afc993c8ec1f97a89f845119da642020b7552831b39761,1E+20,0x13d98d13000000000000000000000000a160cdab225685da1d56aa342ad8841c3b53f2911f8941f2e4d093365c2d8b3778959ae2d4fe7a921f27148b5a50f73e6524c32d00000000000000000000000000000000000000000000000000000000000000600000000000000000000000000000000000000000000000000000000000000000,28,965460,903820,23483520282,2.12249E+16,15920254,0x4cf30f1ae0de6c83e007d88dd25d31dba222fb6068f7ab26c3d64a0f1f8e48f4,1667849519
0x3089df0e2349faea1c8ec4a08593c137da10fe2d,0xd90e2f925da726b50c4ed8d0fb90ad053324f31b,0x193f69fcd147593772965b7305d5040cca3b01bb80c7aa106026da237e08d966,1E+20,0x13d98d13000000000000000000000000a160cdab225685da1d56aa342ad8841c3b53f2911fb783ba66dd1b4a54f3b7c8ba736f1df3069f2b093bf7522d8d0ed28305f9db00000000000000000000000000000000000000000000000000000000000000600000000000000000000000000000000000000000000000000000000000000000,5,970750,909028,24790833175,2.25356E+16,15920253,0x41d32e582d549238fc68022d0dbdb66b1cf3627c65b0e14cbd6f35fad701c045,1667849507
0x3089df0e2349faea1c8ec4a08593c137da10fe2d,0xd90e2f925da726b50c4ed8d0fb90ad053324f31b,0x6c49411f2cb6f28429bd20569eed412dfabfaddefc19139427be642303163220,1E+20,0x13d98d13000000000000000000000000a160cdab225685da1d56aa342ad8841c3b53f2910ea08f69878d68273b0802fb80d3375cccdcb9cf32a563f50ef9173800ec72bd00000000000000000000000000000000000000000000000000000000000000600000000000000000000000000000000000000000000000000000000000000000,13,970738,909016,24790833175,2.25353E+16,15920249,0xbddb90babbed3ed5d80329f6c1b6ecc413bb0b9a8f66c681680b849d5bc11d54,1667849459
0x3089df0e2349faea1c8ec4a08593c137da10fe2d,0xd90e2f925da726b50c4ed8d0fb90ad053324f31b,0x16b61fc28b3095210d10de2835332935a191b56724d215e6ac6a269e1723dcff,1E+20,0x13d98d13000000000000000000000000a160cdab225685da1d56aa342ad8841c3b53f2911f451189e1992aeaafb7228c8b58c97695fbe8688e4d6d4babeb17e21481187000000000000000000000000000000000000000000000000000000000000000600000000000000000000000000000000000000000000000000000000000000000,12,976041,914236,24506581769,2.24048E+16,15920249,0xbddb90babbed3ed5d80329f6c1b6ecc413bb0b9a8f66c681680b849d5bc11d54,1667849459
0x3089df0e2349faea1c8ec4a08593c137da10fe2d,0xd90e2f925da726b50c4ed8d0fb90ad053324f31b,0x9136b159957065c994919f806e77fceabd1aec0ce01abb9a2ca84a5634b8435f,1E+20,0x13d98d13000000000000000000000000a160cdab225685da1d56aa342ad8841c3b53f2912072dec36ab43f2824e3b47dd2042958c849ff709ec82329c5941ccaba787db400000000000000000000000000000000000000000000000000000000000000600000000000000000000000000000000000000000000000000000000000000000,35,970750,909028,24341959035,2.21275E+16,15920240,0x316cb359ed949be1b14f03846795d056fd47e1a485d8e02b5e5d0b4e621da374,1667849351
0x3089df0e2349faea1c8ec4a08593c137da10fe2d,0xd90e2f925da726b50c4ed8d0fb90ad053324f31b,0x9a0cdbb70525a67d0526fbeae59c0044017f90fd74be4e83f4cd047890e9bc62,1E+20,0x13d98d13000000000000000000000000a160cdab225685da1d56aa342ad8841c3b53f291274acb7b50f7f93bab334c3ea16562e038534818bc549d060bdbdbd981858ed900000000000000000000000000000000000000000000000000000000000000600000000000000000000000000000000000000000000000000000000000000000,33,976041,914236,25902860518,2.36813E+16,15920234,0xf2caf4c1d8ed93bd337eacc91f0194fccdf22674c73a4d1fe8ce57ed6bd60f63,1667849279
0x3089df0e2349faea1c8ec4a08593c137da10fe2d,0xd90e2f925da726b50c4ed8d0fb90ad053324f31b,0x250cd3e07c8b5528e70aa13e6782d1b431720e88093881541d8285e49a87e2bf,1E+20,0x13d98d13000000000000000000000000a160cdab225685da1d56aa342ad8841c3b53f2910325f44abf009ce3efac3f12e2bd5bfbea32fa8c41899e1335482100fd578fcd00000000000000000000000000000000000000000000000000000000000000600000000000000000000000000000000000000000000000000000000000000000,29,976017,914212,18855485191,1.72379E+16,15920193,0xa86fd9d443b4fcabfca0642508ed3e60c3066ad206299f3e100d0c4c68422119,1667848787
0x3089df0e2349faea1c8ec4a08593c137da10fe2d,0xd90e2f925da726b50c4ed8d0fb90ad053324f31b,0xd8d7214ec208b167dc122a4caadeae916d50c93c11c2df1c19c96750e11283c6,1E+20,0x13d98d13000000000000000000000000a160cdab225685da1d56aa342ad8841c3b53f291296d2fd23f88bba47fdfeef7afce9e102f672522bf10654a646d5c2d660fbc4d00000000000000000000000000000000000000000000000000000000000000600000000000000000000000000000000000000000000000000000000000000000,42,981332,919444,18639972388,1.71384E+16,15920188,0x7a4d44fcd48a9aebea17e69ec89dcef4d936600baaba0892f10b2ab34d863ec5,1667848727
0x3089df0e2349faea1c8ec4a08593c137da10fe2d,0xd90e2f925da726b50c4ed8d0fb90ad053324f31b,0x7793cff532468551e93a66ce61b9a44fda42719ea43dc4f8520a2b38cc6f49a5,1E+20,0x13d98d13000000000000000000000000a160cdab225685da1d56aa342ad8841c3b53f2910e1cc6c564aa8a451cd52a0c29ff3d0ac1ed4be2640a0f68ee74e2406214698900000000000000000000000000000000000000000000000000000000000000600000000000000000000000000000000000000000000000000000000000000000,10,970750,909028,19252791217,1.75013E+16,15920175,0x47b301214b4755060c5904d348ac7fb0eb3af7e33aa9361cf3db2d1dfeab0d08,1667848571
0x3089df0e2349faea1c8ec4a08593c137da10fe2d,0xd90e2f925da726b50c4ed8d0fb90ad053324f31b,0x2ab9598972934f6780d12d4a6e28c0b7ac1866c64ffb8110775c2e9eabfb699e,1E+20,0x13d98d13000000000000000000000000a160cdab225685da1d56aa342ad8841c3b53f2911d7a9cf0ab9498e5461476f443656ebdab5df8c999894ee1ba8e14a01f803cf100000000000000000000000000000000000000000000000000000000000000600000000000000000000000000000000000000000000000000000000000000000,27,976041,914236,20828361131,1.9042E+16,15920163,0xb66d7d27b18a7151358facc30b500a3c1c9385dc6046ab0596d5519101b52ee6,1667848427
0x3089df0e2349faea1c8ec4a08593c137da10fe2d,0xd90e2f925da726b50c4ed8d0fb90ad053324f31b,0xc276ce5092d619744902f84edab3645524205bb5ccc893be3536645f486b22c0,1E+20,0x13d98d13000000000000000000000000a160cdab225685da1d56aa342ad8841c3b53f29101204e934aae04d583fe4e10d8394b00824059632aa0653804e04df3506bb47d00000000000000000000000000000000000000000000000000000000000000600000000000000000000000000000000000000000000000000000000000000000,26,976029,914224,19524110404,1.78494E+16,15920155,0xa5d6bf123dc4f7bf88c19781ddb27e80a9f6d3dd52ca97db57ae2990dfbe4100,1667848331
0x3089df0e2349faea1c8ec4a08593c137da10fe2d,0xd90e2f925da726b50c4ed8d0fb90ad053324f31b,0x0d86985f0b11d622355160273c3e2478946dfe00bb1bc4e8567db3373d10eebb,1E+20,0x13d98d13000000000000000000000000a160cdab225685da1d56aa342ad8841c3b53f291051028740c3be0bc68754716edb5287b653a2f2c80a57f5ee3b4f273903a6a4a00000000000000000000000000000000000000000000000000000000000000600000000000000000000000000000000000000000000000000000000000000000,37,981332,919444,19289851258,1.77359E+16,15920130,0xf1ac73528cb518b42e4785a3e1888fa0317c311c5a25dad19e8fb13f9fdf582f,1667848031
0x3089df0e2349faea1c8ec4a08593c137da10fe2d,0xd90e2f925da726b50c4ed8d0fb90ad053324f31b,0xedd27dd61bc9f8b0ed951f506205a97cbf03177ac91f6df7395716e2903506e8,1E+20,0x13d98d13000000000000000000000000a160cdab225685da1d56aa342ad8841c3b53f2911f44a6d4962d190383f4f3f0475eed5a1a1de2d0beecfa9e32bbaceda34000f400000000000000000000000000000000000000000000000000000000000000600000000000000000000000000000000000000000000000000000000000000000,18,976029,914224,20658612935,1.88866E+16,15920127,0x6990ee6efbf1dcd7b63f2b08d24b5cb2898b93cc146f31faeb1b883ea0fdf8fd,1667847995
0x3089df0e2349faea1c8ec4a08593c137da10fe2d,0xd90e2f925da726b50c4ed8d0fb90ad053324f31b,0x30b0e35ec2a9bde6b2634bceffc04f6fd163e3ed926b6fd705509d765bf2bc54,1E+20,0x13d98d13000000000000000000000000a160cdab225685da1d56aa342ad8841c3b53f29122b57577b5aeece883bdfa78d0b5c385c632f96c0dda34f7d6e292731855996a00000000000000000000000000000000000000000000000000000000000000600000000000000000000000000000000000000000000000000000000000000000,22,981332,919444,20580546870,1.89227E+16,15920119,0x37eb54bd49c5c8f360ec39a5da7d8cd387ff6ae2ff2c6c23208aaf3e0a9cd9ef,1667847899
0x3089df0e2349faea1c8ec4a08593c137da10fe2d,0xd90e2f925da726b50c4ed8d0fb90ad053324f31b,0x6bd59cc42b66901d2900c4685469ad3db6354800dcde9011557396a81edda030,1E+20,0x13d98d13000000000000000000000000a160cdab225685da1d56aa342ad8841c3b53f29113a41ccc2316eb108115771da1b3c710c4691ced0a19b3aaae9583e456491ae600000000000000000000000000000000000000000000000000000000000000600000000000000000000000000000000000000000000000000000000000000000,4,981332,919444,22353968414,2.05532E+16,15920113,0x1241cd73b599d534e110e5ebfc84521b4788eee6336eddb2cfe574dfe2c60657,1667847827
0x3089df0e2349faea1c8ec4a08593c137da10fe2d,0xd90e2f925da726b50c4ed8d0fb90ad053324f31b,0x987bf074889ee10216187973d769ebaf223130ca02e3cc021aaea93c791341ef,1E+20,0x13d98d13000000000000000000000000a160cdab225685da1d56aa342ad8841c3b53f29117830e2280f5f8cba060eeb635bff5ad98ec0dda899f2600be5856b547a3f54400000000000000000000000000000000000000000000000000000000000000600000000000000000000000000000000000000000000000000000000000000000,4,986610,924640,22918710284,2.11916E+16,15920110,0x624b02cc2ca1cb0333c9c28e45d2c590554605447eb3050dba7ea08c034cf52d,1667847791
0x3089df0e2349faea1c8ec4a08593c137da10fe2d,0xd90e2f925da726b50c4ed8d0fb90ad053324f31b,0x03517d5348478b1353c53c65b86aebf9652b9a01d2221db7d345a30da95b5196,1E+20,0x13d98d13000000000000000000000000a160cdab225685da1d56aa342ad8841c3b53f2912dba3b091fa5846607de617af6b2834f237444fecb037079a796b31f9d641bcd00000000000000000000000000000000000000000000000000000000000000600000000000000000000000000000000000000000000000000000000000000000,23,970750,909028,25627468676,2.32961E+16,15920104,0x473c5fa428b6af5055fd05dc44f140a9edb3389eed93947c0825df2668f065a5,1667847719
0x3089df0e2349faea1c8ec4a08593c137da10fe2d,0xd90e2f925da726b50c4ed8d0fb90ad053324f31b,0x9c6ca29df2e255a7f836ff287468defce934c5bbc30c87a5039d74d398deb44c,1E+20,0x13d98d13000000000000000000000000a160cdab225685da1d56aa342ad8841c3b53f2910f5774b4d4e37bc220956485c3a0c6cf3f5a687974f2ec1b95d0cab6b41b2e2c00000000000000000000000000000000000000000000000000000000000000600000000000000000000000000000000000000000000000000000000000000000,30,976041,914236,25873909722,2.36549E+16,15920100,0x15abdc806bcc978bcb4b352273cb9f4dd16ae11730ef3d1ca34dca1adec82137,1667847671
0x3089df0e2349faea1c8ec4a08593c137da10fe2d,0xd90e2f925da726b50c4ed8d0fb90ad053324f31b,0x456a446f9795c2013605365e7225eea1cdd10754942cf163199ea031c6833796,1E+20,0x13d98d13000000000000000000000000a160cdab225685da1d56aa342ad8841c3b53f291229dbf335c4f173684be127d53edc7037688d48bbc823dc8393e87eca1996c0200000000000000000000000000000000000000000000000000000000000000600000000000000000000000000000000000000000000000000000000000000000,172,976041,914236,24369696648,2.22797E+16,15920097,0x44abc6c6fa11f63650a5cce7f56ed90f3cf290a99d2a053605eabf521c84db54,1667847635
0x3089df0e2349faea1c8ec4a08593c137da10fe2d,0xd90e2f925da726b50c4ed8d0fb90ad053324f31b,0xaa3da06ab285ab4be001a5056b4c3748b52a4e2eee127eadb67190f2adb9bd51,1E+20,0x13d98d13000000000000000000000000a160cdab225685da1d56aa342ad8841c3b53f2910b4d79311a6ffca6dfe00e473cde2d88da0addaae1ba2757cf58ee565ba841dc00000000000000000000000000000000000000000000000000000000000000600000000000000000000000000000000000000000000000000000000000000000,28,981332,919444,24369696648,2.24066E+16,15920091,0xaa9e12afd766f44bf2d1d5ddaa738026b50cb8e530c0ff7a785335feb25df087,1667847563
0x3089df0e2349faea1c8ec4a08593c137da10fe2d,0xd90e2f925da726b50c4ed8d0fb90ad053324f31b,0x3f41f6ff4a2143b2b53a03d6c40f01f8bfff2c3d021ba02146bf498dd4d04647,1E+20,0x13d98d13000000000000000000000000a160cdab225685da1d56aa342ad8841c3b53f2911e845a5a70dbc0a96353d748a529ffb58cd06bb6c5c3595c4646d218ac134e5f00000000000000000000000000000000000000000000000000000000000000600000000000000000000000000000000000000000000000000000000000000000,196,976041,914236,23950779095,2.18967E+16,15920086,0xf255fae227d248a660becd2e3ad7732439b30104bd2ec14aca61ff3f5f81d7af,1667847503
0x3089df0e2349faea1c8ec4a08593c137da10fe2d,0xd90e2f925da726b50c4ed8d0fb90ad053324f31b,0xa1a26283b681a9c42239c612482fd0653e89f5291766cca91c3e19272bd2e0a4,1E+20,0x13d98d13000000000000000000000000a160cdab225685da1d56aa342ad8841c3b53f2910578bf9dcf97855b942c2c85fae5f0ee7b1b02abb801aacdda5f9552802efc4100000000000000000000000000000000000000000000000000000000000000600000000000000000000000000000000000000000000000000000000000000000,28,981332,919444,24328658402,2.23688E+16,15920081,0x531456f960096067269d43806a679f831c31a4156fe5147923030b234a8c8354,1667847443
0x3089df0e2349faea1c8ec4a08593c137da10fe2d,0xd90e2f925da726b50c4ed8d0fb90ad053324f31b,0xec825731033afcdc40434a4ad208b22aed400836f5bff866d761ae963121c441,1E+20,0x13d98d13000000000000000000000000a160cdab225685da1d56aa342ad8841c3b53f29114065486cd64d190d5cd5f74ef838be3bcaf40d5000861ec55c28edff94a25d400000000000000000000000000000000000000000000000000000000000000600000000000000000000000000000000000000000000000000000000000000000,39,981320,919432,23927575401,2.19998E+16,15920078,0xb6c08dcd80faceefef1aae1ac92f652fa3f7d1469cbc6c3f9d55a263f9603c46,1667847407
0x3089df0e2349faea1c8ec4a08593c137da10fe2d,0xd90e2f925da726b50c4ed8d0fb90ad053324f31b,0x992f5fe047b4c1dfa22f305bb837659a96e34f99afa0bb034aee173cdde0cb36,1E+20,0x13d98d13000000000000000000000000a160cdab225685da1d56aa342ad8841c3b53f2912ac356d8b753902f2d637cd6d82a4214c932e85f42d0f4b310475ed168c37b9f00000000000000000000000000000000000000000000000000000000000000600000000000000000000000000000000000000000000000000000000000000000,34,986622,924652,24108976924,2.22924E+16,15920076,0x6fec4f4b997bcda96cc48e53a8620bfc7e36ace0cebd048f08878f3a487fbea9,1667847383
0x3089df0e2349faea1c8ec4a08593c137da10fe2d,0xd90e2f925da726b50c4ed8d0fb90ad053324f31b,0xc57a2f5940f3a56fdfbbf4eb778d5e1176ea0d1add3288cfe7fbf00b074942d2,1E+20,0x13d98d13000000000000000000000000a160cdab225685da1d56aa342ad8841c3b53f2912626ed85fdba9bd51a4dd28c21164ae403177f3a7e9f989289eca4bfa8b036f200000000000000000000000000000000000000000000000000000000000000600000000000000000000000000000000000000000000000000000000000000000,30,976041,914236,23430374625,2.14209E+16,15920072,0xc8a23f9179ffe6407d01844be7d181120a0854b875484a932bfa8cc9788b5df5,1667847335
0x3089df0e2349faea1c8ec4a08593c137da10fe2d,0xd90e2f925da726b50c4ed8d0fb90ad053324f31b,0x7bffab04fb67e3a2f9a686d259958881ceef7ff2c27b59a995efd87d2ec1a691,1E+20,0x13d98d13000000000000000000000000a160cdab225685da1d56aa342ad8841c3b53f2910d14a6aac81b9f4dd0f4fff6a664c854553f3375143275b3f65843308fcaba3700000000000000000000000000000000000000000000000000000000000000600000000000000000000000000000000000000000000000000000000000000000,36,981332,919444,23430374625,2.15429E+16,15920068,0x7a1f45b9e734ba3f8f52a81bde04b52b163316cfa4b81c7e21fb3fb6089754b2,1667847287
0xb0606f433496bf66338b8ad6b6d51fc4d84a44cd,0x3089df0e2349faea1c8ec4a08593c137da10fe2d,0x26d1a9459d4d27f28f49798ba6a6c7c7d1e2c1267d1a525fee558aaa05767049,7.50138E+21,0x,107,21000,21000,23123906358,4.85602E+14,15920055,0x57212c4a876bd3a50b108693e9f9a53bc393c8fcef110980d6cb45d491aa2b21,1667847119
